frame,distance_m,angle_deg,xg
shot_frame_280.png,13.017858306561365,6.3771525992431695,0.41934142
shot_frame_485.png,8.156732239698117,16.82464822042307,0.8481784
shot_frame_991.png,1.7872336829520854,129.73733771366307,0.83178407
shot_frame_1522.png,2.3766367967321456,114.12825743594212,0.9734361
shot_frame_1532.jpg,21.338826139645338,5.0998764433704356,0.664575
